{
  "artifacts": [
    {
      "short_id": "envelope-19377f",
      "uuid": "32aa3490-17e5-4e4e-7521-5937ef19377f",
      "checksum": "58876b51-c35b-465f-569b-1ca0f11620a2",
      "filename": "XDriver-2.1.zip",
      "content_type": "this",
      "path": "\/",
      "uri": "envelope:\/\/",
      "label": "The envelope",
      "openchain": true
    },
    {
      "short_id": "oss_bom-1e0353",
      "uuid": "6bf21445-e323-4b79-4352-adb0d11e0353",
      "checksum": "2be0a994-7b88-4900-6332-f3b64d6652bc",
      "filename": "Intel-XDriver-BOM.ossbom",
      "content_type": "oss_bom",
      "path": "\/",
      "uri": "envelope:\/\/_contents",
      "label": "Intel Xdriver 2.1 BOM",
      "openchain": true
    },
    {
      "short_id": "notices-ae03d0",
      "uuid": "02fae31f-479e-4671-49b7-56aecaae03d0",
      "checksum": "3deb556b-0104-440b-6695-b5636d0e39d5",
      "filename": "XDriver-2.1_ThirdPartyNotices.pdf",
      "content_type": "notices",
      "path": "\/notices",
      "uri": "envelope:\/\/_contents\/notices",
      "label": "Intel Xdriver 2.1 Notice file",
      "openchain": true
    },
    {
      "short_id": "spdx-0d1a4a",
      "uuid": "4f22d6b7-0333-4cf0-6b0b-968a750d1a4a",
      "checksum": "3258f798-a98e-4439-6f6d-923450c1674c",
      "filename": "dbus-1.8.20.tar.gz.spdx",
      "content_type": "spdx",
      "path": "\/spdx",
      "uri": "envelope:\/\/_contents\/spdx",
      "label": "SPDX (dbus-1.8.20.tar.gz)",
      "openchain": true
    },
    {
      "short_id": "spdx-599921",
      "uuid": "d6cf3129-f9dd-4f80-6d36-9b2330599921",
      "checksum": "a7e00abc-e603-42f3-4d6d-1beb6e7e6097",
      "filename": "mosquitto-1.3.5.tar.gz.spdx",
      "content_type": "spdx",
      "path": "\/spdx",
      "uri": "envelope:\/\/_contents\/spdx",
      "label": "SPDX (mosquitto-1.3.5.tar.gz)",
      "openchain": true
    },
    {
      "short_id": "spdx-de2000",
      "uuid": "2a5993e3-78aa-4134-7284-b0d638de2000",
      "checksum": "054f3ff0-f723-4796-687b-d3916a7352cd",
      "filename": "netbase_5.1.tar.gz.spdx",
      "content_type": "spdx",
      "path": "\/spdx",
      "uri": "envelope:\/\/_contents\/spdx",
      "label": "SPDX (netbase_5.1.tar.gz)",
      "openchain": true
    },
    {
      "short_id": "spdx-15692f",
      "uuid": "28bf3ad2-cd0a-4d46-4c09-cff63a15692f",
      "checksum": "90bd07e5-ac7a-47a9-6dde-79d2c5befb32",
      "filename": "traceroute-2.0.21.tar.gz.spdx",
      "content_type": "spdx",
      "path": "\/spdx",
      "uri": "envelope:\/\/_contents\/spdx",
      "label": "SPDX (traceroute-2.0.21.tar.gz)",
      "openchain": true
    },
    {
      "short_id": "crypto-907ea1",
      "uuid": "ca20495a-1cbd-4879-5cd7-0c414d907ea1",
      "checksum": "f6e67335-5a8c-4947-58b5-926158106109",
      "filename": "dbus-1.8.20.tar.gz.crypto",
      "content_type": "crypto",
      "path": "\/crypto",
      "uri": "envelope:\/\/_contents\/crypto",
      "label": "Crypto  file for dbus-1.8.20.tar.gz.",
      "openchain": true
    },
    {
      "short_id": "crypto-6deb4f",
      "uuid": "793a149f-9ffa-4911-745f-2fee716deb4f",
      "checksum": "768c9498-613d-48b5-7c9d-aba68c890ec7",
      "filename": "mosquitto-1.4.8.tar.gz.crypto",
      "content_type": "crypto",
      "path": "\/crypto",
      "uri": "envelope:\/\/_contents\/crypto",
      "label": "Crypto  file for mosquitto-1.3.5.tar.gz",
      "openchain": true
    },
    {
      "short_id": "crypto-543ba6",
      "uuid": "6b09e2a0-4153-4c3b-6fc7-88c862543ba6",
      "checksum": "6a56f774-9e58-4cc2-408d-6c01713efbbc",
      "filename": "netbase_5.3.tar.xz.crypto",
      "content_type": "crypto",
      "path": "\/crypto",
      "uri": "envelope:\/\/_contents\/crypto",
      "label": "Crypto  file for netbase_5.1.tar.gz",
      "openchain": true
    },
    {
      "short_id": "crypto-b8b923",
      "uuid": "7e5e8663-91af-4221-6406-f86c84b8b923",
      "checksum": "73aa013c-6d19-432a-5d6e-5e83f5c5478a",
      "filename": "traceroute-2.0.21.tar.gz.crypto",
      "content_type": "crypto",
      "path": "\/crypto",
      "uri": "envelope:\/\/_contents\/crypto",
      "label": "Crypto  file for traceroute-2.0.21.tar.gz",
      "openchain": true
    }
  ]
}